{
    "Modules": {
        "...MASTER...": {
            "start_perf": [
                1.0317549705505371,
                0.21196699999999999,
                0.25796000000000002,
                238928,
                251704,
                1731946651.8341889,
                146134151083857024
            ],
            "nMops": 0,
            "end_perf": [
                1.0353591442108154,
                0.21396699999999999,
                0.25896000000000002,
                241240,
                251704,
                146134151091450090,
                0,
                0
            ],
            "child_modules": {
                "tb": 1,
                "std": 1
            },
            "nQuads": 0,
            "nRouts": 5
        },
        "tb": {
            "Compiled": "Yes",
            "start_perf": [
                1.0450940132141113,
                0.222966,
                0.25996000000000002,
                245160,
                251704,
                1731946651.847528,
                146134151111863294
            ],
            "nMops": 10658,
            "end_perf": [
                1.1400809288024902,
                0.31595099999999998,
                0.26196000000000003,
                250176,
                251704,
                146134151311385992,
                12885092311,
                0
            ],
            "child_modules": {},
            "nQuads": 4769,
            "Compiled Times": 1,
            "nRouts": 414
        },
        "std": {
            "start_perf": [
                1.0354390144348145,
                0.21396699999999999,
                0.25996000000000002,
                241240,
                251704,
                1731946651.837873,
                146134151091593590
            ],
            "Compiled": "Yes",
            "nMops": 528,
            "end_perf": [
                1.0450379848480225,
                0.222966,
                0.25996000000000002,
                245160,
                251704,
                146134151111770332,
                0,
                0
            ],
            "child_modules": {},
            "Compiled Times": 1,
            "nQuads": 218,
            "num_classes": 6,
            "svclass": [
                "$vcs_nba_dyn_obj",
                576,
                35,
                2,
                2,
                0,
                0,
                "sigprop$$",
                576,
                35,
                2,
                2,
                0,
                0,
                "process",
                2380,
                200,
                8,
                8,
                0,
                0,
                "event",
                597,
                34,
                2,
                2,
                0,
                0,
                "mailbox",
                1769,
                140,
                9,
                9,
                0,
                0,
                "semaphore",
                1119,
                84,
                5,
                5,
                0,
                0
            ],
            "nRouts": 33
        }
    },
    "CompUnits": {
        "g7hgQ_d": {
            "out": "g7hgQ_d.o",
            "mod": "tb",
            "bytes": 153250,
            "checksum": 0,
            "text": 102108,
            "mode": 4,
            "archive": "archive.0/_202316_archive_1.a"
        },
        "amcQw_d": {
            "out": "objs/amcQw_d.o",
            "mod": "...MASTER...",
            "bytes": 7824,
            "checksum": 0,
            "text": 434,
            "mode": 4
        },
        "reYIK_d": {
            "out": "reYIK_d.o",
            "mod": "std",
            "bytes": 43136,
            "checksum": 0,
            "text": 7325,
            "archive": "archive.0/_202316_archive_1.a",
            "cls": 7017,
            "mode": 4
        }
    },
    "reusePaths": {},
    "stat": {
        "ru_self_end": {
            "ru_nvcsw": 1040,
            "ru_stime_sec": 0.26296000000000003,
            "ru_utime_sec": 0.32095099999999999,
            "ru_maxrss_kb": 90464,
            "ru_nivcsw": 103,
            "ru_majflt": 0,
            "ru_minflt": 32913
        },
        "peak_mem_kb": 251888,
        "ru_childs_end": {
            "ru_nvcsw": 2,
            "ru_stime_sec": 0.044992999999999998,
            "ru_utime_sec": 0.015997000000000001,
            "ru_maxrss_kb": 25704,
            "ru_nivcsw": 28,
            "ru_majflt": 0,
            "ru_minflt": 4310
        },
        "cpu_cycles_end": 146134151323411624
    },
    "ObjArchives": [
        {
            "size": 315000,
            "archive": "archive.0/_202316_archive_1.a",
            "objects": [
                [
                    "reYIK_d.o",
                    43136
                ],
                [
                    "g7hgQ_d.o",
                    153250
                ],
                [
                    "amcQwB.o",
                    118614
                ]
            ]
        }
    ]
}